2026/10/05 10:07:34.961, 467.91, 1965, 55, 0
2026/10/05 10:07:35.971, 143.12, 1980, 52, 0
2026/10/05 10:07:36.971, 139.77, 1980, 50, 0
2026/10/05 10:07:37.972, 78.65, 345, 48, 0
2026/10/05 10:07:38.972, 78.57, 345, 48, 0
2026/10/05 10:07:39.972, 78.19, 345, 47, 0
2026/10/05 10:07:40.972, 77.95, 345, 46, 0
2026/10/05 10:07:41.973, 77.64, 345, 46, 0
2026/10/05 10:07:42.973, 77.39, 345, 45, 0
2026/10/05 10:07:43.973, 77.25, 345, 45, 0
2026/10/05 10:07:44.973, 77.04, 345, 45, 0
2026/10/05 10:07:45.974, 76.87, 345, 44, 0
2026/10/05 10:07:46.974, 76.79, 345, 44, 0
2026/10/05 10:07:47.974, 76.56, 345, 44, 0
2026/10/05 10:07:48.974, 76.42, 345, 43, 0
2026/10/05 10:07:49.975, 76.24, 345, 43, 0
2026/10/05 10:07:50.975, 76.29, 345, 43, 0
2026/10/05 10:07:51.975, 76.11, 345, 43, 0
2026/10/05 10:07:52.975, 75.97, 345, 42, 0
2026/10/05 10:07:53.976, 75.90, 345, 42, 0
2026/10/05 10:07:54.976, 75.75, 345, 42, 0
2026/10/05 10:07:55.976, 75.72, 345, 42, 0
2026/10/05 10:07:56.976, 75.65, 345, 42, 0
2026/10/05 10:07:57.977, 75.62, 345, 41, 0
2026/10/05 10:07:58.977, 75.52, 345, 41, 0
2026/10/05 10:07:59.977, 75.58, 345, 41, 0
2026/10/05 10:08:00.978, 75.33, 345, 41, 0
2026/10/05 10:08:01.978, 75.26, 345, 41, 0
2026/10/05 10:08:02.978, 75.29, 345, 41, 0
2026/10/05 10:08:03.978, 75.05, 345, 41, 0
2026/10/05 10:08:04.979, 75.13, 345, 41, 0
2026/10/05 10:08:05.979, 75.20, 345, 41, 0
2026/10/05 10:08:06.979, 75.13, 345, 40, 0
2026/10/05 10:08:07.979, 75.12, 345, 40, 0
2026/10/05 10:08:08.980, 74.99, 345, 40, 0
2026/10/05 10:08:09.980, 94.04, 1980, 41, 14
2026/10/05 10:08:10.980, 130.77, 1980, 41, 0
2026/10/05 10:08:11.980, 129.63, 1980, 41, 0
2026/10/05 10:08:12.981, 129.53, 1980, 41, 0
2026/10/05 10:08:13.981, 129.61, 1980, 41, 0
2026/10/05 10:08:14.981, 129.62, 1980, 41, 0
2026/10/05 10:08:15.981, 133.07, 1980, 41, 13
2026/10/05 10:08:16.982, 229.88, 1980, 44, 51
2026/10/05 10:08:17.982, 293.30, 1980, 45, 65
2026/10/05 10:08:18.982, 353.89, 1980, 47, 76
2026/10/05 10:08:19.982, 405.68, 1980, 48, 78
2026/10/05 10:08:20.983, 421.84, 1980, 52, 95
2026/10/05 10:08:21.983, 132.65, 1980, 43, 0
2026/10/05 10:08:22.983, 128.54, 1980, 43, 0
2026/10/05 10:08:23.983, 128.28, 1980, 43, 0
2026/10/05 10:08:24.984, 128.06, 1980, 42, 0
2026/10/05 10:08:25.984, 127.96, 1980, 42, 0
2026/10/05 10:08:26.984, 127.82, 1980, 42, 0
2026/10/05 10:08:27.984, 127.67, 1980, 42, 0
2026/10/05 10:08:28.985, 127.66, 1980, 42, 0
2026/10/05 10:08:29.985, 127.68, 1980, 42, 0
2026/10/05 10:08:30.985, 127.66, 1980, 42, 0
2026/10/05 10:08:31.985, 127.57, 1980, 42, 0
2026/10/05 10:08:32.986, 184.64, 1980, 44, 39
2026/10/05 10:08:33.986, 299.94, 1980, 47, 67
2026/10/05 10:08:34.986, 351.85, 1980, 47, 84
2026/10/05 10:08:35.986, 391.77, 1980, 48, 80
2026/10/05 10:08:36.986, 420.43, 1980, 48, 100
2026/10/05 10:08:37.987, 234.63, 1980, 44, 0
2026/10/05 10:08:38.987, 128.73, 1980, 43, 0
2026/10/05 10:08:39.987, 128.39, 1980, 43, 0
2026/10/05 10:08:40.988, 128.22, 1980, 43, 0
2026/10/05 10:08:41.988, 128.16, 1980, 42, 0
2026/10/05 10:08:42.988, 196.35, 1980, 45, 63
2026/10/05 10:08:43.988, 333.03, 1980, 48, 89
2026/10/05 10:08:44.989, 392.05, 1980, 50, 85
2026/10/05 10:08:45.989, 445.06, 1980, 51, 94
2026/10/05 10:08:46.989, 368.80, 1980, 47, 57
2026/10/05 10:08:47.989, 319.41, 1980, 49, 80
2026/10/05 10:08:48.989, 404.24, 1980, 51, 92
2026/10/05 10:08:49.990, 444.70, 1980, 51, 95
2026/10/05 10:08:50.990, 399.02, 1980, 48, 100
2026/10/05 10:08:51.990, 308.92, 1980, 49, 77
2026/10/05 10:08:52.991, 396.73, 1980, 52, 92
2026/10/05 10:08:53.991, 445.11, 1980, 52, 95
2026/10/05 10:08:54.991, 430.38, 1980, 48, 98
2026/10/05 10:08:55.991, 295.30, 1980, 49, 76
2026/10/05 10:08:56.992, 394.67, 1980, 52, 92
2026/10/05 10:08:57.992, 432.15, 1980, 53, 95
2026/10/05 10:08:58.992, 466.85, 1980, 54, 94
2026/10/05 10:08:59.992, 276.63, 1980, 49, 71
2026/10/05 10:09:00.992, 366.07, 1980, 52, 89
2026/10/05 10:09:01.993, 433.14, 1980, 53, 95
2026/10/05 10:09:02.993, 469.56, 1980, 51, 94
2026/10/05 10:09:03.993, 315.32, 1980, 49, 70
2026/10/05 10:09:04.993, 348.28, 1980, 50, 93
2026/10/05 10:09:05.994, 422.41, 1980, 53, 91
2026/10/05 10:09:06.994, 458.81, 1980, 51, 94
2026/10/05 10:09:07.994, 260.09, 1980, 46, 0
2026/10/05 10:09:08.994, 130.20, 1980, 45, 0
2026/10/05 10:09:09.995, 129.70, 1980, 44, 0
2026/10/05 10:09:10.995, 131.60, 1980, 44, 0
